{"type":"Topology","transform":{"scale":[0.0003792381752164331,0.0003908645339671458],"translate":[96.81719776,-43.73989760449999]},"arcs":[[[142086,22046],[-284,-159]],[[141802,21887],[-1170,-1806],[-648,-2653],[190,-1477]],[[140174,15951],[-4698,1814],[-524,1914],[-4214,127]],[[130738,19806],[-3488,438],[-711,-759],[-3716,2381],[-98,962],[-3003,1626],[-3210,409]],[[116512,24863],[-6,8353],[-3,4497]],[[116503,37713],[8850,1],[5873,0],[6262,-1],[1312,1032],[2200,150],[2616,-1056],[1956,150],[1161,1617],[2869,243]],[[149602,39849],[140,-1731],[-1617,-4748],[-150,-1993],[-1107,-2498],[-1904,-1111],[-1295,-1715],[-1583,-4007]],[[140174,15951],[-1270,-674],[-4500,-477],[-2386,-1738],[-2163,-454],[-1521,1478],[-1787,905],[-3421,-2500],[-3004,1300],[-2545,-51],[-1163,802]],[[116414,14542],[-7,5903],[105,4418]],[[116503,37713],[0,7683],[-7912,-2]],[[108591,45394],[-3,9155],[-3,4282],[12,6558],[0,4189]],[[108597,69578],[2735,-942],[551,-1061],[2231,-1011],[2073,862],[1429,3276],[555,2413],[-435,3320],[604,1534],[-275,1793],[923,1582],[619,2620],[1500,-185],[292,-2179],[868,-372],[946,-2180],[-32,-2338],[702,-1704],[1893,655],[443,-988],[1766,-1090],[-281,-1119],[437,-2686],[1940,-3025],[-323,-1571],[1416,-2252],[2234,-724],[465,-766],[2340,-868],[495,-1328],[1497,-1266],[969,-3078],[3253,-1032],[-211,-1153],[1783,-2180],[1355,-636],[2625,-3857]],[[147979,46042],[600,-527],[-298,-2663],[1321,-3003]],[[84865,30836],[1,6946],[1,7608]],[[84867,45390],[8024,0],[8850,0],[6850,4]],[[116414,14542],[-1552,403],[-1634,1801],[273,1298],[-1712,2386],[-2034,1032],[264,1534],[-1727,606],[-1893,2109],[-2122,-970],[-1715,-2036],[-1214,2262],[-1073,892],[-1453,2483],[-1642,1419],[-3693,192],[-3010,1453],[-5612,-570]],[[84865,73837],[-2,-4865],[2,-8231],[-1,-5117],[3,-10234]],[[84865,30836],[-4714,-1507],[-2664,112],[-5188,-2014],[-1817,-2342],[-3779,-210],[-1534,490],[-3923,-249],[-1740,-1393],[-1054,42],[-2151,-1394],[-4427,-52],[-3860,1943],[-134,1417],[1858,1069],[16,4174],[-1660,2941],[-159,2600],[-1053,2242],[-1113,1281],[-62,1180],[-1360,2651],[1535,639],[42,1248],[-2179,3560],[919,2452],[-268,2411],[1124,1093],[3235,1445],[3214,2146],[3292,227],[2761,979],[726,821],[2899,119],[2018,721],[1450,1377],[668,1384],[1462,991],[-446,2073],[2162,2031],[1441,-205],[617,946],[1705,-151],[210,2182],[2127,1237],[162,1135],[1841,36],[3440,1612],[2207,-2067],[2154,-422]],[[130269,900],[-1914,1149],[-2322,5125],[338,611],[4843,-1154],[3677,1040],[916,-2251],[-1333,-3242],[-1219,33],[-1218,-1688],[-1768,377]],[[84865,73837],[1070,1143],[1936,3836],[1318,1391],[3639,238],[1604,541],[273,1449],[2917,-527],[3209,-1378],[1355,417],[2714,-260],[-598,-2680],[-2612,-3776],[3553,-3087],[2638,-768],[716,-798]],[[88946,83065],[2608,-364],[-1481,-1326],[-1275,712],[148,978]],[[142086,22046],[-284,-159]]],"objects":{"states_unproj":{"type":"GeometryCollection","geometries":[{"arcs":[[0,1,2,3,4,5,6]],"type":"Polygon","properties":{"STE_CODE11":"1","STE_NAME11":"New South Wales","ALBERS_SQM":800808771946.097}},{"arcs":[[-3,7,8,-4]],"type":"Polygon","properties":{"STE_CODE11":"2","STE_NAME11":"Victoria","ALBERS_SQM":227495712226.849}},{"arcs":[[9,10,11,12,-6]],"type":"Polygon","properties":{"STE_CODE11":"3","STE_NAME11":"Queensland","ALBERS_SQM":1729958066470.13}},{"arcs":[[13,14,-10,-5,-9,15]],"type":"Polygon","properties":{"STE_CODE11":"4","STE_NAME11":"South Australia","ALBERS_SQM":984179342786.703}},{"arcs":[[16,-14,17]],"type":"Polygon","properties":{"STE_CODE11":"5","STE_NAME11":"Western Australia","ALBERS_SQM":2526574197936.53}},{"arcs":[[18]],"type":"Polygon","properties":{"STE_CODE11":"6","STE_NAME11":"Tasmania","ALBERS_SQM":68018196798.286}},{"arcs":[[[-11,-15,-17,19]],[[20]]],"type":"MultiPolygon","properties":{"STE_CODE11":"7","STE_NAME11":"Northern Territory","ALBERS_SQM":1348198728404.39}},{"type":null,"properties":{"STE_CODE11":"8","STE_NAME11":"Australian Capital Territory","ALBERS_SQM":2357945512.19236}},{"arcs":[[-1,21]],"type":"Polygon","properties":{"STE_CODE11":"9","STE_NAME11":"Other Territories","ALBERS_SQM":217650639.644612}}]}}}